Ticker,Earnings Date,EPS Estimate,Reported EPS,Surprise(%)
AAPL,2016-01-26,0.81,0.82,1.67
AAPL,2016-04-26,0.5,0.48,-5.09
AAPL,2016-07-26,0.35,0.36,2.73
AAPL,2016-10-25,0.41,0.42,0.82
AAPL,2017-01-31,0.81,0.84,4.25
AAPL,2017-05-02,0.51,0.53,3.88
AAPL,2017-08-01,0.39,0.42,6.15
AAPL,2017-11-02,0.47,0.52,10.53
AAPL,2018-02-01,0.96,0.97,1.1
AAPL,2018-05-01,0.67,0.68,2.19
AAPL,2018-07-31,0.54,0.59,7.38
AAPL,2018-11-01,0.7,0.73,4.55
AAPL,2019-01-29,1.04,1.05,0.27
AAPL,2019-04-30,0.59,0.62,4.05
AAPL,2019-07-30,0.53,0.55,3.62
AAPL,2019-10-30,0.71,0.76,6.54
AAPL,2020-01-28,1.13,1.25,9.97
AAPL,2020-04-30,0.56,0.64,12.93
AAPL,2020-07-30,0.52,0.65,24.45
AAPL,2020-10-29,0.7,0.73,4.5
AAPL,2021-01-27,1.42,1.68,18.67
AAPL,2021-04-28,0.98,1.4,42.16
AAPL,2021-07-27,1.01,1.3,28.56
AAPL,2021-10-28,1.24,1.24,0.17
AAPL,2022-01-27,1.89,2.1,11.2
AAPL,2022-04-28,1.43,1.52,6.48
AAPL,2022-07-28,1.15,1.2,3.93
AAPL,2022-10-27,1.27,1.29,1.44
AAPL,2023-02-02,1.95,1.88,-3.78
AAPL,2023-05-04,1.43,1.52,6.37
AAPL,2023-08-03,1.19,1.26,5.66
AAPL,2023-11-02,1.39,1.46,4.93
AAPL,2024-02-01,2.11,2.18,3.55
AAPL,2024-05-02,1.5,1.53,2.05
AAPL,2024-08-01,1.34,1.4,4.36
AAPL,2024-10-31,0.95,0.97,2.48
AAPL,2025-01-30,2.34,2.4,2.52
AAPL,2025-05-01,1.62,1.65,1.69
AAPL,2025-07-31,1.43,1.57,10.12
AAPL,2025-10-30,1.77,1.85,4.52
AAPL,2026-01-29,2.67,2.84,6.25
ABNB,2021-02-25,-8.81,-11.24,-27.61
ABNB,2021-05-14,-1.16,-1.95,-67.99
ABNB,2021-08-12,-0.43,-0.11,74.69
ABNB,2021-11-04,0.7,1.22,73.77
ABNB,2022-02-15,0.04,0.08,89.35
ABNB,2022-05-03,-0.3,-0.03,89.99
ABNB,2022-08-02,0.43,0.56,30.53
ABNB,2022-11-01,1.5,1.79,19.42
ABNB,2023-02-14,0.27,0.48,79.76
ABNB,2023-05-09,0.1,0.18,82.28
ABNB,2023-08-03,0.78,0.98,26.19
ABNB,2023-11-01,2.1,6.63,215.68
ABNB,2024-02-13,0.55,-0.55,-199.2
ABNB,2024-05-08,0.23,0.41,77.09
ABNB,2024-08-06,0.91,0.86,-5.66
ABNB,2024-11-07,2.15,2.13,-0.89
ABNB,2025-02-13,0.58,0.73,25.49
ABNB,2025-05-01,0.24,0.24,2.03
ABNB,2025-08-06,0.94,1.03,9.41
ABNB,2025-11-06,2.32,2.21,-4.76
ABNB,2026-02-12,0.66,0.56,-15.65
ACM,2016-02-09,0.63,0.68,8.11
ACM,2016-05-10,0.73,0.87,19.26
ACM,2016-08-09,0.7,0.81,15.81
ACM,2016-11-14,0.7,0.65,-7.7
ACM,2017-02-07,0.53,0.53,0.88
ACM,2017-05-09,0.61,0.89,46.17
ACM,2017-08-08,0.8,0.78,-2.6
ACM,2017-11-13,0.72,0.74,2.51
ACM,2018-02-06,0.55,0.57,4.46
ACM,2018-05-08,0.66,0.67,1.44
ACM,2018-08-07,0.64,0.62,-3.21
ACM,2018-11-12,0.82,0.83,1.28
ACM,2019-02-05,0.52,0.56,7.61
ACM,2019-05-08,0.64,0.69,7.41
ACM,2019-08-06,0.75,0.72,-3.43
ACM,2019-11-12,0.8,0.79,-0.69
ACM,2020-02-03,0.39,0.46,17.95
ACM,2020-05-05,0.5,0.55,10.89
ACM,2020-08-04,0.49,0.55,12.82
ACM,2020-11-16,0.57,0.6,5.15
ACM,2021-02-08,0.57,0.62,8.62
ACM,2021-05-10,0.63,0.67,6.94
ACM,2021-08-09,0.73,0.73,0.3
ACM,2021-11-15,0.77,0.81,5.19
ACM,2022-02-07,0.77,0.89,15.4
ACM,2022-05-09,0.78,0.83,6.43
ACM,2022-08-08,0.82,0.86,5.03
ACM,2022-11-14,0.83,0.89,7.65
ACM,2023-02-06,0.82,0.86,5.14
ACM,2023-05-08,0.9,0.92,2.33
ACM,2023-08-07,0.94,0.94,-0.33
ACM,2023-11-13,0.97,1.01,4.19
ACM,2024-02-05,0.95,1.05,10.04
ACM,2024-05-06,1.05,1.04,-0.77
ACM,2024-08-05,1.12,1.16,3.24
ACM,2024-11-18,1.25,1.27,1.89
ACM,2025-02-03,1.1,1.31,18.57
ACM,2025-05-05,1.19,1.25,4.84
ACM,2025-08-04,1.25,0.98,-21.6
ACM,2025-11-18,1.34,1.36,1.67
ACM,2026-02-09,1.16,1.29,10.89
ADBE,2016-03-17,0.61,0.66,8.65
ADBE,2016-06-21,0.68,0.71,4.45
ADBE,2016-09-20,0.72,0.75,3.66
ADBE,2016-12-15,0.86,0.9,4.46
ADBE,2017-03-16,0.87,0.94,7.84
ADBE,2017-06-20,0.95,1.02,7.85
ADBE,2017-09-19,1.01,1.1,9.2
ADBE,2017-12-14,1.16,1.26,8.92
ADBE,2018-03-15,1.44,1.55,7.78
ADBE,2018-06-14,1.54,1.66,7.63
ADBE,2018-09-13,1.69,1.73,2.32
ADBE,2018-12-13,1.84,1.83,-0.27
ADBE,2019-03-14,1.62,1.71,5.79
ADBE,2019-06-18,1.78,1.83,2.58
ADBE,2019-09-17,1.97,2.05,3.86
ADBE,2019-12-12,2.26,2.29,1.43
ADBE,2020-03-12,2.23,2.27,1.96
ADBE,2020-06-11,2.32,2.45,5.68
ADBE,2020-09-15,2.41,2.57,6.56
ADBE,2020-12-10,2.66,2.81,5.66
ADBE,2021-03-23,2.79,3.14,12.68
ADBE,2021-06-17,2.82,3.03,7.55
ADBE,2021-09-21,3.02,3.11,3.11
ADBE,2021-12-16,3.2,3.2,0.04
ADBE,2022-03-22,3.34,3.37,0.78
ADBE,2022-06-16,3.31,3.35,1.31
ADBE,2022-09-15,3.34,3.4,1.66
ADBE,2022-12-15,3.5,3.6,2.72
ADBE,2023-03-15,3.68,3.8,3.25
ADBE,2023-06-15,3.79,3.91,3.22
ADBE,2023-09-14,3.98,4.1,3.06
ADBE,2023-12-13,4.14,4.27,3.17
ADBE,2024-03-14,4.38,4.48,2.23
ADBE,2024-06-13,4.4,4.48,1.92
ADBE,2024-09-12,4.54,4.65,2.49
ADBE,2024-12-11,4.67,4.81,3.01
ADBE,2025-03-12,4.97,5.08,2.17
ADBE,2025-06-12,4.97,5.06,1.71
ADBE,2025-09-11,5.18,5.31,2.48
ADBE,2025-12-10,5.4,5.5,1.9
ADBE,2026-03-12,5.87,6.06,3.18
AMAT,2016-02-18,0.25,0.26,2.95
AMAT,2016-05-19,0.32,0.34,7.12
AMAT,2016-08-18,0.48,0.5,5.12
AMAT,2016-11-17,0.65,0.66,0.91
AMAT,2017-02-15,0.66,0.67,1.68
AMAT,2017-05-18,0.76,0.79,3.52
AMAT,2017-08-17,0.83,0.86,3.07
AMAT,2017-11-16,0.9,0.93,2.88
AMAT,2018-02-14,0.98,1.06,8.04
AMAT,2018-05-17,1.15,1.22,6.46
AMAT,2018-08-16,1.16,1.2,3.04
AMAT,2018-11-15,0.97,0.97,0.22
AMAT,2019-02-14,0.79,0.81,2.45
AMAT,2019-05-16,0.66,0.7,5.67
AMAT,2019-08-15,0.7,0.74,5.09
AMAT,2019-11-14,0.76,0.8,5.03
AMAT,2020-02-12,0.93,0.98,5.82
AMAT,2020-05-14,0.89,0.89,0.4
AMAT,2020-08-13,0.95,1.06,11.88
AMAT,2020-11-12,1.17,1.25,6.71
AMAT,2021-02-18,1.28,1.39,8.75
AMAT,2021-05-20,1.51,1.63,7.92
AMAT,2021-08-19,1.78,1.9,6.82
AMAT,2021-11-18,1.96,1.94,-0.93
AMAT,2022-02-16,1.85,1.89,1.89
AMAT,2022-05-19,1.9,1.85,-2.77
AMAT,2022-08-18,1.78,1.94,8.69
AMAT,2022-11-17,1.74,2.03,16.87
AMAT,2023-02-16,1.92,2.03,5.68
AMAT,2023-05-18,1.83,2.0,9.49
AMAT,2023-08-17,1.75,1.9,8.88
AMAT,2023-11-16,1.99,2.12,6.44
AMAT,2024-02-15,1.91,2.13,11.78
AMAT,2024-05-16,1.99,2.09,5.27
AMAT,2024-08-15,2.03,2.12,4.68
AMAT,2024-11-14,2.19,2.32,5.71
AMAT,2025-02-13,2.3,2.38,3.67
AMAT,2025-05-15,2.31,2.39,3.45
AMAT,2025-08-14,2.36,2.48,5.13
AMAT,2025-11-13,2.09,2.17,3.65
AMAT,2026-02-12,2.15,2.54,18.18
AMD,2016-01-19,-0.1,-0.1,1.27
AMD,2016-04-21,-0.13,-0.12,5.19
AMD,2016-07-21,-0.09,-0.05,41.55
AMD,2016-10-20,,0.03,855.41
AMD,2017-01-31,-0.02,-0.01,39.28
AMD,2017-05-01,-0.04,-0.04,2.46
AMD,2017-07-25,,0.02,7900.0
AMD,2017-10-24,0.08,0.1,32.56
AMD,2018-01-30,0.05,0.08,62.73
AMD,2018-04-25,0.09,0.11,25.67
AMD,2018-07-25,0.13,0.14,10.31
AMD,2018-10-24,0.12,0.13,4.57
AMD,2019-01-29,0.08,0.08,-5.44
AMD,2019-04-30,0.06,0.06,5.54
AMD,2019-07-30,0.08,0.08,2.3
AMD,2019-10-29,0.18,0.18,-2.29
AMD,2020-01-28,0.31,0.32,4.6
AMD,2020-04-28,0.18,0.18,-2.32
AMD,2020-07-28,0.17,0.18,8.78
AMD,2020-10-27,0.36,0.41,15.49
AMD,2021-01-26,0.48,0.52,9.46
AMD,2021-04-27,0.44,0.52,18.31
AMD,2021-07-27,0.54,0.63,16.95
AMD,2021-10-26,0.66,0.73,10.04
AMD,2022-02-01,0.76,0.92,21.38
AMD,2022-05-03,0.92,1.13,22.23
AMD,2022-08-02,1.04,1.05,1.37
AMD,2022-11-01,0.7,0.67,-4.83
AMD,2023-01-31,0.67,0.69,2.51
AMD,2023-05-02,0.56,0.6,6.5
AMD,2023-08-01,0.57,0.58,1.05
AMD,2023-10-31,0.68,0.7,3.59
AMD,2024-01-30,0.77,0.77,-0.01
AMD,2024-04-30,0.61,0.62,2.04
AMD,2024-07-30,0.68,0.69,1.26
AMD,2024-10-29,0.92,0.92,0.46
AMD,2025-02-04,1.09,1.09,0.36
AMD,2025-05-06,0.93,0.96,2.83
AMD,2025-08-05,0.48,0.48,-0.55
AMD,2025-11-04,0.68,0.75,10.04
AMD,2026-02-03,1.32,1.53,15.98
AMGN,2016-01-28,2.28,2.61,14.26
AMGN,2016-04-28,2.61,2.9,11.28
AMGN,2016-07-27,2.74,2.84,3.67
AMGN,2016-10-27,2.8,3.02,8.01
AMGN,2017-02-02,2.79,2.89,3.69
AMGN,2017-04-26,3.01,3.15,4.76
AMGN,2017-07-25,3.11,3.27,5.22
AMGN,2017-10-25,3.1,3.27,5.33
AMGN,2018-02-01,3.03,2.89,-4.71
AMGN,2018-04-24,3.25,3.47,6.92
AMGN,2018-07-26,3.56,3.83,7.72
AMGN,2018-10-30,3.45,3.69,6.82
AMGN,2019-01-29,3.27,3.42,4.48
AMGN,2019-04-30,3.48,3.56,2.33
AMGN,2019-07-30,3.58,3.97,10.83
AMGN,2019-10-29,3.53,3.66,3.57
AMGN,2020-01-30,3.42,3.64,6.52
AMGN,2020-04-30,3.75,4.17,11.25
AMGN,2020-07-28,3.77,4.25,12.79
AMGN,2020-10-28,3.75,4.37,16.41
AMGN,2021-02-02,3.35,3.81,13.85
AMGN,2021-04-27,4.04,3.7,-8.46
AMGN,2021-08-03,4.01,4.38,9.2
AMGN,2021-11-02,4.22,4.67,10.65
AMGN,2022-02-07,4.04,4.36,8.03
AMGN,2022-04-27,4.12,4.25,3.12
AMGN,2022-08-04,4.33,4.65,7.28
AMGN,2022-11-03,4.45,4.7,5.61
AMGN,2023-01-31,4.09,4.09,-0.03
AMGN,2023-04-27,3.85,3.98,3.27
AMGN,2023-08-03,4.49,5.0,11.27
AMGN,2023-10-31,4.68,4.96,5.9
AMGN,2024-02-06,4.59,4.71,2.58
AMGN,2024-05-02,3.89,3.96,1.83
AMGN,2024-08-06,5.0,4.97,-0.62
AMGN,2024-10-30,5.11,5.58,9.29
AMGN,2025-02-04,5.08,5.31,4.63
AMGN,2025-05-01,4.26,4.9,15.01
AMGN,2025-08-05,5.28,6.02,14.08
AMGN,2025-11-04,5.01,5.64,12.47
AMGN,2026-02-03,4.73,5.29,11.94
AMZN,2016-01-28,0.08,0.05,-37.04
AMZN,2016-04-28,0.03,0.05,76.92
AMZN,2016-07-28,0.06,0.09,59.78
AMZN,2016-10-27,0.04,0.03,-33.83
AMZN,2017-02-02,0.07,0.08,9.7
AMZN,2017-04-27,0.06,0.07,34.42
AMZN,2017-07-27,0.07,0.02,-71.37
AMZN,2017-10-26,,0.03,6290.48
AMZN,2018-02-01,0.09,0.19,104.09
AMZN,2018-04-26,0.06,0.16,165.81
AMZN,2018-07-26,0.13,0.25,101.9
AMZN,2018-10-25,0.16,0.29,85.11
AMZN,2019-01-31,0.28,0.3,8.73
AMZN,2019-04-25,0.23,0.35,51.64
AMZN,2019-07-25,0.28,0.26,-6.51
AMZN,2019-10-24,0.23,0.21,-7.08
AMZN,2020-01-30,0.2,0.32,63.24
AMZN,2020-04-30,0.31,0.25,-18.0
AMZN,2020-07-30,0.08,0.52,543.11
AMZN,2020-10-29,0.37,0.62,66.17
AMZN,2021-02-02,0.36,0.7,97.39
AMZN,2021-04-29,0.48,0.79,64.11
AMZN,2021-07-29,0.62,0.76,22.57
AMZN,2021-10-28,0.44,0.31,-30.85
AMZN,2022-02-03,0.19,1.39,641.94
AMZN,2022-04-28,0.41,-0.38,-191.55
AMZN,2022-07-28,0.12,-0.2,-272.53
AMZN,2022-10-27,0.21,0.28,33.0
AMZN,2023-02-02,0.16,0.03,-81.68
AMZN,2023-04-27,0.21,0.31,46.82
AMZN,2023-08-03,0.34,0.65,91.19
AMZN,2023-10-26,0.58,0.94,62.22
AMZN,2024-02-01,0.8,1.0,24.38
AMZN,2024-04-30,0.83,0.98,17.67
AMZN,2024-08-01,1.03,1.26,22.92
AMZN,2024-10-31,1.14,1.43,25.17
AMZN,2025-02-06,1.48,1.86,25.36
AMZN,2025-05-01,1.36,1.59,17.08
AMZN,2025-07-31,1.33,1.68,26.13
AMZN,2025-10-30,1.56,1.95,25.2
AMZN,2026-02-05,1.96,1.95,-0.49
AMZN,2026-04-29,1.65,2.78,68.18
ASML,2016-01-20,0.6,0.68,12.63
ASML,2016-04-20,0.42,0.46,9.67
ASML,2016-07-20,0.8,0.83,3.66
ASML,2016-10-19,0.96,0.93,-3.12
ASML,2017-01-18,0.98,1.22,24.57
ASML,2017-04-19,0.93,1.05,13.26
ASML,2017-07-19,0.95,1.08,13.99
ASML,2017-10-18,1.12,1.29,15.44
ASML,2018-01-17,1.06,1.49,40.35
ASML,2018-04-18,1.17,1.26,7.54
ASML,2018-07-18,1.21,1.37,13.52
ASML,2018-10-17,1.58,1.6,1.19
ASML,2019-01-23,1.78,1.86,4.69
ASML,2019-04-17,0.48,0.84,73.35
ASML,2019-07-17,0.95,1.13,18.94
ASML,2019-10-16,1.44,1.49,3.42
ASML,2020-01-22,2.71,2.69,-0.65
ASML,2020-04-15,0.94,0.93,-0.85
ASML,2020-07-15,2.06,1.79,-13.18
ASML,2020-10-14,2.26,2.53,11.93
ASML,2021-01-20,2.46,3.23,31.43
ASML,2021-04-21,2.61,3.2,22.63
ASML,2021-07-21,2.52,2.52,-0.05
ASML,2021-10-20,4.01,4.26,6.18
ASML,2022-01-19,3.76,3.93,4.63
ASML,2022-04-20,1.68,1.73,2.79
ASML,2022-07-20,3.52,3.54,0.63
ASML,2022-10-19,3.46,4.29,23.88
ASML,2023-01-25,4.33,4.6,6.18
ASML,2023-04-19,4.16,4.95,19.13
ASML,2023-07-19,4.61,4.93,6.86
ASML,2023-10-18,4.63,4.81,3.86
ASML,2024-01-24,4.78,5.2,8.88
ASML,2024-04-17,2.79,3.11,11.55
ASML,2024-07-17,3.69,4.01,8.54
ASML,2024-10-15,4.86,5.28,8.61
ASML,2025-01-29,6.73,6.84,1.57
ASML,2025-04-16,5.79,6.0,3.71
ASML,2025-07-16,5.25,5.9,12.36
ASML,2025-10-15,5.37,5.49,2.14
ASML,2026-01-28,7.55,7.34,-2.72
ASML,2026-04-15,6.62,7.15,7.99
AVGO,2016-03-03,0.23,0.24,4.84
AVGO,2016-06-02,0.24,0.25,6.45
AVGO,2016-09-01,0.28,0.29,4.38
AVGO,2016-12-08,0.34,0.35,2.73
AVGO,2017-03-01,0.35,0.36,4.39
AVGO,2017-06-01,0.35,0.37,5.47
AVGO,2017-08-24,0.4,0.41,1.77
AVGO,2017-12-06,0.45,0.46,1.65
AVGO,2018-03-15,0.51,0.51,1.07
AVGO,2018-06-07,0.47,0.49,2.99
AVGO,2018-09-06,0.48,0.5,3.25
AVGO,2018-12-06,0.56,0.59,4.8
AVGO,2019-03-14,0.52,0.56,6.12
AVGO,2019-06-13,0.52,0.52,0.55
AVGO,2019-09-12,0.51,0.52,0.72
AVGO,2019-12-12,0.54,0.54,0.63
AVGO,2020-03-12,0.54,0.53,-2.02
AVGO,2020-06-04,0.51,0.51,0.03
AVGO,2020-09-03,0.52,0.54,4.0
AVGO,2020-12-10,0.62,0.64,2.42
AVGO,2021-03-04,0.66,0.66,0.58
AVGO,2021-06-03,0.65,0.66,2.47
AVGO,2021-09-02,0.69,0.7,0.72
AVGO,2021-12-09,0.78,0.78,0.51
AVGO,2022-03-03,0.81,0.84,3.01
AVGO,2022-05-26,0.87,0.91,4.05
AVGO,2022-09-01,0.95,0.97,1.92
AVGO,2022-12-08,1.03,1.05,1.64
AVGO,2023-03-02,1.02,1.03,1.65
AVGO,2023-06-01,1.01,1.03,1.75
AVGO,2023-08-31,1.04,1.05,1.03
AVGO,2023-12-07,1.1,1.11,0.94
AVGO,2024-03-07,1.04,1.1,5.44
AVGO,2024-06-12,1.08,1.1,1.08
AVGO,2024-09-05,1.21,1.24,2.79
AVGO,2024-12-12,1.39,1.42,2.04
AVGO,2025-03-06,1.51,1.6,6.11
AVGO,2025-06-05,1.57,1.58,0.59
AVGO,2025-09-04,1.66,1.69,1.6
AVGO,2025-12-11,1.87,1.95,4.38
AVGO,2026-03-04,2.02,2.05,1.32
BABA,2016-01-28,5.78,6.43,11.18
BABA,2016-05-05,3.66,3.02,-17.53
BABA,2016-08-11,4.19,4.9,17.08
BABA,2016-11-02,4.7,5.26,11.86
BABA,2017-01-24,7.71,9.02,17.0
BABA,2017-05-18,4.52,4.35,-3.73
BABA,2017-08-17,6.25,7.95,27.28
BABA,2017-11-02,6.84,8.57,25.29
BABA,2018-02-01,10.7,10.61,-0.85
BABA,2018-05-04,5.54,5.73,3.42
BABA,2018-08-23,8.34,8.04,-3.65
BABA,2018-11-02,7.64,9.6,25.66
BABA,2019-01-30,11.51,12.19,5.9
BABA,2019-05-15,6.5,8.57,31.82
BABA,2019-08-15,10.48,12.55,19.8
BABA,2019-11-01,10.68,13.1,22.7
BABA,2020-02-13,15.7,18.19,15.87
BABA,2020-05-22,6.07,9.2,51.61
BABA,2020-08-20,13.56,14.82,9.3
BABA,2020-11-05,13.91,17.97,29.18
BABA,2021-02-02,20.7,22.03,6.41
BABA,2021-05-13,11.35,10.32,-9.1
BABA,2021-08-03,14.28,16.6,16.28
BABA,2021-11-18,12.44,11.2,-9.96
BABA,2022-02-24,16.05,16.87,5.11
BABA,2022-05-26,7.12,7.95,11.64
BABA,2022-08-04,10.5,11.73,11.72
BABA,2022-11-17,11.6,12.92,11.4
BABA,2023-02-23,16.45,19.26,17.07
BABA,2023-05-18,9.51,10.71,12.62
BABA,2023-08-10,14.46,17.37,20.1
BABA,2023-11-16,15.11,15.63,3.44
BABA,2024-02-07,19.0,18.97,-0.16
BABA,2024-05-14,10.24,10.14,-0.93
BABA,2024-08-15,14.94,16.44,10.03
BABA,2024-11-15,14.77,15.06,1.95
BABA,2025-02-20,19.38,21.39,10.4
BABA,2025-05-15,12.81,12.52,-2.3
BABA,2025-08-29,15.47,14.75,-4.66
BABA,2025-11-25,5.78,4.36,-24.55
BABA,2026-03-19,10.94,7.09,-35.18
CSCO,2016-02-10,0.54,0.57,5.99
CSCO,2016-05-18,0.55,0.57,3.39
CSCO,2016-08-17,0.6,0.63,5.09
CSCO,2016-11-16,0.59,0.61,3.0
CSCO,2017-02-15,0.56,0.57,1.44
CSCO,2017-05-17,0.58,0.6,3.81
CSCO,2017-08-16,0.61,0.61,0.56
CSCO,2017-11-15,0.6,0.61,1.62
CSCO,2018-02-14,0.59,0.63,6.59
CSCO,2018-05-16,0.65,0.66,1.42
CSCO,2018-08-15,0.69,0.7,1.9
CSCO,2018-11-14,0.72,0.75,4.51
CSCO,2019-02-13,0.72,0.73,0.98
CSCO,2019-05-15,0.77,0.78,0.75
CSCO,2019-08-14,0.82,0.83,1.69
CSCO,2019-11-13,0.81,0.84,3.85
CSCO,2020-02-12,0.76,0.77,1.21
CSCO,2020-05-13,0.71,0.79,12.03
CSCO,2020-08-12,0.74,0.8,8.42
CSCO,2020-11-12,0.7,0.76,8.04
CSCO,2021-02-09,0.76,0.79,4.61
CSCO,2021-05-19,0.82,0.83,1.11
CSCO,2021-08-18,0.83,0.84,1.46
CSCO,2021-11-17,0.8,0.82,1.92
CSCO,2022-02-16,0.81,0.84,3.78
CSCO,2022-05-18,0.86,0.87,0.93
CSCO,2022-08-17,0.82,0.83,1.07
CSCO,2022-11-16,0.84,0.86,2.85
CSCO,2023-02-15,0.86,0.88,2.84
CSCO,2023-05-17,0.97,1.0,3.25
CSCO,2023-08-16,1.06,1.14,7.68
CSCO,2023-11-15,1.03,1.11,7.71
CSCO,2024-02-14,0.84,0.87,3.96
CSCO,2024-05-15,0.82,0.88,7.71
CSCO,2024-08-14,0.85,0.87,2.49
CSCO,2024-11-13,0.87,0.91,4.47
CSCO,2025-02-12,0.91,0.94,3.41
CSCO,2025-05-14,0.92,0.96,4.64
CSCO,2025-08-13,0.98,0.99,1.3
CSCO,2025-11-12,0.98,1.0,1.82
CSCO,2026-02-11,1.02,1.04,1.75
GOOGL,2016-02-01,0.33,0.35,8.14
GOOGL,2016-04-21,0.31,0.3,-4.21
GOOGL,2016-07-28,0.32,0.35,9.23
GOOGL,2016-10-27,0.34,0.36,8.13
GOOGL,2017-01-26,0.38,0.38,-0.52
GOOGL,2017-04-27,0.37,0.39,4.97
GOOGL,2017-07-24,0.22,0.25,13.25
GOOGL,2017-10-26,0.42,0.48,14.66
GOOGL,2018-02-01,0.5,-0.22,-143.27
GOOGL,2018-04-23,0.46,0.67,43.72
GOOGL,2018-07-23,0.19,0.23,21.83
GOOGL,2018-10-25,0.52,0.65,25.5
GOOGL,2019-02-04,0.54,0.64,17.57
GOOGL,2019-04-29,0.5,0.48,-4.97
GOOGL,2019-07-25,0.56,0.71,27.2
GOOGL,2019-10-28,0.62,0.51,-18.75
GOOGL,2020-02-03,0.63,0.77,22.57
GOOGL,2020-04-28,0.51,0.49,-3.38
GOOGL,2020-07-30,0.41,0.51,24.14
GOOGL,2020-10-29,0.56,0.82,46.24
GOOGL,2021-02-02,0.79,1.12,41.85
GOOGL,2021-04-27,0.78,1.31,67.76
GOOGL,2021-07-27,0.96,1.36,41.37
GOOGL,2021-10-26,1.17,1.4,20.02
GOOGL,2022-02-01,1.36,1.53,12.65
GOOGL,2022-04-26,1.29,1.23,-4.43
GOOGL,2022-07-26,1.27,1.21,-5.05
GOOGL,2022-10-25,1.25,1.06,-15.27
GOOGL,2023-02-02,1.19,1.05,-11.87
GOOGL,2023-04-25,1.07,1.17,9.52
GOOGL,2023-07-25,1.34,1.44,7.23
GOOGL,2023-10-24,1.45,1.55,6.74
GOOGL,2024-01-30,1.6,1.64,2.75
GOOGL,2024-04-25,1.51,1.89,24.98
GOOGL,2024-07-23,1.85,1.89,2.4
GOOGL,2024-10-29,1.85,2.12,14.83
GOOGL,2025-02-04,2.13,2.15,1.18
GOOGL,2025-04-24,2.01,2.81,40.1
GOOGL,2025-07-23,2.19,2.31,5.67
GOOGL,2025-10-29,2.26,2.87,26.88
GOOGL,2026-02-04,2.64,2.82,7.01
GOOGL,2026-04-29,2.67,5.11,91.59
INTC,2016-01-14,0.63,0.74,17.03
INTC,2016-04-19,0.48,0.54,12.78
INTC,2016-07-20,0.53,0.59,10.81
INTC,2016-10-18,0.72,0.8,10.74
INTC,2017-01-26,0.75,0.79,5.69
INTC,2017-04-27,0.65,0.66,2.0
INTC,2017-07-27,0.68,0.72,6.05
INTC,2017-10-26,0.8,1.01,25.75
INTC,2018-01-25,0.87,1.08,24.67
INTC,2018-04-26,0.67,0.93,39.21
INTC,2018-07-26,0.97,1.04,6.98
INTC,2018-10-25,1.15,1.4,21.92
INTC,2019-01-24,1.22,1.28,4.56
INTC,2019-04-25,0.87,0.89,2.35
INTC,2019-07-25,0.9,1.06,17.96
INTC,2019-10-24,1.24,1.42,14.56
INTC,2020-01-23,1.25,1.52,21.4
INTC,2020-04-23,1.26,1.45,14.95
INTC,2020-07-23,1.11,1.23,10.61
INTC,2020-10-22,1.11,1.11,0.23
INTC,2021-01-21,1.11,1.52,36.91
INTC,2021-04-22,1.14,1.39,21.71
INTC,2021-07-22,1.07,1.28,19.28
INTC,2021-10-21,1.11,1.71,53.61
INTC,2022-01-26,0.91,1.09,19.78
INTC,2022-04-28,0.8,0.87,9.16
INTC,2022-07-28,0.7,0.29,-58.29
INTC,2022-10-27,0.33,0.59,80.04
INTC,2023-01-26,0.2,0.1,-50.48
INTC,2023-04-27,-0.14,-0.04,72.19
INTC,2023-07-27,-0.03,0.13,546.43
INTC,2023-10-26,0.22,0.41,87.04
INTC,2024-01-25,0.45,0.54,20.29
INTC,2024-04-25,0.14,0.18,31.74
INTC,2024-08-01,0.1,0.02,-80.18
INTC,2024-10-31,-0.03,-0.46,-1533.52
INTC,2025-01-30,0.12,0.13,8.71
INTC,2025-04-24,,0.13,2769.76
INTC,2025-07-24,0.01,-0.1,-1280.64
INTC,2025-10-23,0.01,0.23,3121.29
INTC,2026-01-22,0.08,0.15,81.51
INTC,2026-04-23,0.01,0.29,2108.68
META,2016-01-27,0.42,0.54,27.56
META,2016-04-27,0.4,0.52,29.18
META,2016-07-27,0.57,0.71,25.23
META,2016-11-02,0.97,1.09,12.79
META,2017-02-01,1.31,1.41,7.41
META,2017-05-04,1.12,1.36,21.35
META,2017-07-26,1.12,1.32,17.76
META,2017-11-01,1.28,1.59,23.94
META,2018-01-31,1.94,1.44,-25.79
META,2018-04-25,1.34,1.69,25.67
META,2018-07-25,1.71,1.74,1.93
META,2018-10-30,1.45,1.76,21.14
META,2019-01-30,2.18,2.38,9.35
META,2019-04-24,1.61,0.85,-47.31
META,2019-07-24,1.88,1.99,6.13
META,2019-10-30,1.88,2.12,12.86
META,2020-01-29,2.53,2.56,1.26
META,2020-04-29,1.7,1.71,0.66
META,2020-07-30,1.4,1.8,28.88
META,2020-10-29,1.91,2.71,41.95
META,2021-01-27,3.2,3.88,21.43
META,2021-04-28,2.34,3.3,40.92
META,2021-07-28,3.01,3.61,20.04
META,2021-10-25,3.18,3.22,1.32
META,2022-02-02,3.83,3.67,-4.1
META,2022-04-27,2.55,2.72,6.82
META,2022-07-27,2.55,2.46,-3.38
META,2022-10-26,1.85,1.64,-11.32
META,2023-02-01,2.24,1.76,-21.53
META,2023-04-26,1.98,2.2,11.2
META,2023-07-26,2.91,2.98,2.51
META,2023-10-25,3.6,4.39,21.96
META,2024-02-01,4.97,5.33,7.23
META,2024-04-24,4.32,4.71,8.92
META,2024-07-31,4.78,5.16,7.9
META,2024-10-30,5.3,6.03,13.86
META,2025-01-29,6.76,8.02,18.67
META,2025-04-30,5.22,6.43,23.11
META,2025-07-30,5.86,7.14,21.82
META,2025-10-29,6.71,1.05,-84.34
META,2026-01-28,8.22,8.88,8.0
META,2026-04-29,6.66,10.44,56.79
MSFT,2016-01-28,0.53,0.62,17.06
MSFT,2016-04-21,0.64,0.62,-2.95
MSFT,2016-07-19,0.58,0.69,18.18
MSFT,2016-10-20,0.68,0.76,11.39
MSFT,2017-01-26,0.79,0.84,6.98
MSFT,2017-04-27,0.7,0.73,4.67
MSFT,2017-07-20,0.71,0.98,38.72
MSFT,2017-10-26,0.73,0.84,15.42
MSFT,2018-01-31,0.87,0.96,10.93
MSFT,2018-04-26,0.85,0.95,11.74
MSFT,2018-07-19,1.08,1.13,4.84
MSFT,2018-10-24,0.97,1.14,18.12
MSFT,2019-01-30,1.09,1.1,0.82
MSFT,2019-04-24,1.0,1.14,14.17
MSFT,2019-07-18,1.21,1.37,12.88
MSFT,2019-10-23,1.24,1.38,10.98
MSFT,2020-01-29,1.32,1.51,13.96
MSFT,2020-04-29,1.27,1.4,10.34
MSFT,2020-07-22,1.37,1.46,6.42
MSFT,2020-10-27,1.55,1.82,17.72
MSFT,2021-01-26,1.64,2.03,23.99
MSFT,2021-04-27,1.78,1.95,9.67
MSFT,2021-07-27,1.93,2.17,12.71
MSFT,2021-10-26,2.08,2.27,9.3
MSFT,2022-01-25,2.32,2.48,6.97
MSFT,2022-04-26,2.2,2.22,1.06
MSFT,2022-07-26,2.29,2.23,-2.69
MSFT,2022-10-25,2.31,2.35,1.92
MSFT,2023-01-24,2.32,2.32,0.21
MSFT,2023-04-25,2.23,2.45,9.77
MSFT,2023-07-25,2.55,2.69,5.59
MSFT,2023-10-24,2.65,2.99,12.85
MSFT,2024-01-30,2.77,2.93,5.83
MSFT,2024-04-25,2.84,2.94,3.4
MSFT,2024-07-30,2.94,2.95,0.23
MSFT,2024-10-30,3.11,3.3,6.25
MSFT,2025-01-29,3.12,3.23,3.47
MSFT,2025-04-30,3.22,3.46,7.4
MSFT,2025-07-30,3.38,3.65,8.09
MSFT,2025-10-29,3.66,3.72,1.59
MSFT,2026-01-28,3.92,4.14,5.69
MSFT,2026-04-29,4.06,4.27,5.22
MU,2016-03-30,-0.09,-0.05,44.7
MU,2016-06-30,-0.1,-0.08,17.49
MU,2016-10-04,-0.09,-0.05,46.97
MU,2016-12-21,0.29,0.32,11.63
MU,2017-03-23,0.86,0.9,4.58
MU,2017-06-29,1.51,1.62,7.17
MU,2017-09-26,1.84,2.02,9.91
MU,2017-12-19,2.21,2.45,10.88
MU,2018-03-22,2.74,2.82,2.98
MU,2018-06-20,3.14,3.15,0.44
MU,2018-09-20,3.32,3.53,6.21
MU,2018-12-18,2.97,2.97,0.03
MU,2019-03-20,1.66,1.71,3.05
MU,2019-06-25,0.79,1.05,33.01
MU,2019-09-26,0.48,0.56,15.55
MU,2019-12-18,0.47,0.48,1.55
MU,2020-03-25,0.37,0.45,21.41
MU,2020-06-29,0.76,0.82,7.45
MU,2020-09-29,0.97,1.08,10.9
MU,2021-01-07,0.69,0.78,12.96
MU,2021-03-31,0.95,0.98,3.68
MU,2021-06-30,1.72,1.88,9.15
MU,2021-09-28,2.34,2.42,3.35
MU,2021-12-20,2.11,2.16,2.58
MU,2022-03-29,1.98,2.14,8.07
MU,2022-06-30,2.44,2.59,5.96
MU,2022-09-29,1.37,1.45,5.82
MU,2022-12-21,-0.02,-0.04,-114.02
MU,2023-03-28,-0.88,-1.91,-115.83
MU,2023-06-28,-1.57,-1.43,8.74
MU,2023-09-27,-1.18,-1.07,9.27
MU,2023-12-20,-1.01,-0.95,5.85
MU,2024-03-20,-0.24,0.42,273.75
MU,2024-06-26,0.53,0.62,17.27
MU,2024-09-25,1.11,1.18,5.88
MU,2024-12-18,1.77,1.79,1.36
MU,2025-03-20,1.42,1.56,9.49
MU,2025-06-25,1.59,1.91,19.75
MU,2025-09-23,2.86,3.03,5.94
MU,2025-12-17,3.96,4.78,20.58
MU,2026-03-18,9.16,12.2,33.21
NFLX,2016-01-19,,0.01,371.7
NFLX,2016-04-18,,0.01,60.86
NFLX,2016-07-18,,0.01,291.3
NFLX,2016-10-17,0.01,0.01,121.4
NFLX,2017-01-18,0.01,0.02,14.33
NFLX,2017-04-17,0.04,0.04,6.81
NFLX,2017-07-17,0.02,0.02,-3.54
NFLX,2017-10-16,0.03,0.03,-9.57
NFLX,2018-01-22,0.04,0.04,-0.77
NFLX,2018-04-16,0.06,0.06,2.19
NFLX,2018-07-16,0.08,0.09,7.17
NFLX,2018-10-16,0.07,0.09,31.38
NFLX,2019-01-17,0.02,0.03,25.16
NFLX,2019-04-16,0.06,0.08,32.2
NFLX,2019-07-17,0.06,0.06,7.49
NFLX,2019-10-16,0.1,0.15,40.55
NFLX,2020-01-21,0.05,0.13,147.1
NFLX,2020-04-21,0.16,0.16,-4.11
NFLX,2020-07-16,0.18,0.16,-12.34
NFLX,2020-10-20,0.21,0.17,-18.33
NFLX,2021-01-19,0.14,0.12,-14.55
NFLX,2021-04-20,0.3,0.38,26.4
NFLX,2021-07-20,0.32,0.3,-6.0
NFLX,2021-10-19,0.26,0.32,24.49
NFLX,2022-01-20,0.08,0.13,59.66
NFLX,2022-04-19,0.29,0.35,21.17
NFLX,2022-07-19,0.29,0.32,9.04
NFLX,2022-10-18,0.21,0.31,45.21
NFLX,2023-01-19,0.05,0.01,-75.18
NFLX,2023-04-18,0.29,0.29,0.46
NFLX,2023-07-19,0.29,0.33,15.36
NFLX,2023-10-18,0.35,0.37,6.74
NFLX,2024-01-23,0.22,0.21,-4.8
NFLX,2024-04-18,0.45,0.53,16.66
NFLX,2024-07-18,0.47,0.49,2.92
NFLX,2024-10-17,0.51,0.54,5.56
NFLX,2025-01-21,0.42,0.43,1.78
NFLX,2025-04-17,0.57,0.66,16.82
NFLX,2025-07-17,0.7,0.72,2.24
NFLX,2025-10-21,0.7,0.59,-15.79
NFLX,2026-01-20,0.55,0.56,1.43
NFLX,2026-04-16,1.25,1.23,-1.4
NVDA,2016-02-17,0.01,0.01,19.38
NVDA,2016-05-13,0.01,0.01,12.97
NVDA,2016-08-11,0.01,0.01,10.97
NVDA,2016-11-10,0.02,0.02,37.75
NVDA,2017-02-09,0.02,0.03,15.49
NVDA,2017-05-09,0.02,0.02,4.53
NVDA,2017-08-10,0.02,0.03,23.84
NVDA,2017-11-09,0.03,0.03,23.84
NVDA,2018-02-08,0.03,0.04,29.95
NVDA,2018-05-10,0.04,0.05,23.49
NVDA,2018-08-16,0.05,0.05,5.09
NVDA,2018-11-15,0.05,0.05,-4.09
NVDA,2019-02-14,0.02,0.02,6.5
NVDA,2019-05-16,0.02,0.02,8.75
NVDA,2019-08-15,0.03,0.03,8.24
NVDA,2019-11-14,0.04,0.04,13.17
NVDA,2020-02-13,0.04,0.05,12.88
NVDA,2020-05-21,0.04,0.05,6.86
NVDA,2020-08-19,0.05,0.05,10.66
NVDA,2020-11-18,0.06,0.07,14.21
NVDA,2021-02-24,0.07,0.08,10.37
NVDA,2021-05-26,0.08,0.09,11.44
NVDA,2021-08-18,0.1,0.1,2.26
NVDA,2021-11-17,0.11,0.12,5.81
NVDA,2022-02-16,0.12,0.13,7.97
NVDA,2022-05-25,0.13,0.14,4.86
NVDA,2022-08-24,0.05,0.05,-1.49
NVDA,2022-11-16,0.07,0.06,-17.32
NVDA,2023-02-22,0.08,0.09,9.45
NVDA,2023-05-24,0.09,0.11,18.8
NVDA,2023-08-23,0.21,0.27,29.35
NVDA,2023-11-21,0.34,0.4,18.73
NVDA,2024-02-21,0.46,0.52,11.4
NVDA,2024-05-22,0.56,0.61,9.74
NVDA,2024-08-28,0.64,0.68,5.66
NVDA,2024-11-20,0.75,0.81,8.52
NVDA,2025-02-26,0.85,0.89,5.25
NVDA,2025-05-28,0.81,0.76,-5.9
NVDA,2025-08-27,1.01,1.05,4.1
NVDA,2025-11-19,1.26,1.3,3.46
NVDA,2026-02-25,1.54,1.62,5.32
ORCL,2016-03-15,0.62,0.64,3.25
ORCL,2016-06-16,0.82,0.81,-0.68
ORCL,2016-09-15,0.58,0.55,-5.06
ORCL,2016-12-15,0.6,0.61,1.74
ORCL,2017-03-15,0.62,0.69,11.75
ORCL,2017-06-21,0.78,0.89,13.58
ORCL,2017-09-14,0.6,0.62,2.68
ORCL,2017-12-14,0.68,0.7,2.67
ORCL,2018-03-19,0.72,0.83,14.81
ORCL,2018-06-19,0.94,0.99,5.14
ORCL,2018-09-17,0.68,0.71,3.75
ORCL,2018-12-17,0.78,0.8,2.36
ORCL,2019-03-14,0.84,0.87,3.41
ORCL,2019-06-19,1.07,1.16,7.98
ORCL,2019-09-11,0.81,0.81,0.24
ORCL,2019-12-12,0.89,0.9,1.51
ORCL,2020-03-12,0.96,0.97,1.06
ORCL,2020-06-16,1.15,1.2,4.16
ORCL,2020-09-10,0.86,0.93,7.77
ORCL,2020-12-10,1.0,1.06,6.13
ORCL,2021-03-10,1.11,1.16,4.54
ORCL,2021-06-15,1.33,1.54,15.62
ORCL,2021-09-13,0.97,1.03,6.4
ORCL,2021-12-09,1.11,1.21,8.53
ORCL,2022-03-10,1.18,1.13,-4.02
ORCL,2022-06-13,1.38,1.54,11.95
ORCL,2022-09-12,1.08,1.03,-4.22
ORCL,2022-12-12,1.17,1.21,3.15
ORCL,2023-03-09,1.2,1.22,1.44
ORCL,2023-06-12,1.58,1.67,5.56
ORCL,2023-09-11,1.15,1.19,3.46
ORCL,2023-12-11,1.33,1.34,0.95
ORCL,2024-03-11,1.38,1.41,2.47
ORCL,2024-06-11,1.65,1.63,-1.14
ORCL,2024-09-09,1.33,1.39,4.29
ORCL,2024-12-09,1.48,1.47,-0.77
ORCL,2025-03-10,1.49,1.47,-1.35
ORCL,2025-06-11,1.64,1.7,3.37
ORCL,2025-09-09,1.48,1.47,-0.62
ORCL,2025-12-10,1.64,2.26,38.04
ORCL,2026-03-10,1.69,1.79,5.69
PDD,2018-11-20,-1.68,-1.2,28.57
PDD,2019-03-13,-1.42,-1.72,-21.4
PDD,2019-05-20,-1.73,-1.2,30.74
PDD,2019-08-21,-1.35,-0.36,73.27
PDD,2019-11-20,-0.52,-1.44,-177.03
PDD,2020-03-11,-1.55,-0.72,53.67
PDD,2020-05-22,-2.0,-2.73,-36.65
PDD,2020-08-21,-1.39,-0.06,95.68
PDD,2020-11-12,-1.01,0.33,132.79
PDD,2021-03-17,-0.19,-0.15,22.78
PDD,2021-05-26,-2.43,-1.52,37.46
PDD,2021-08-24,-1.35,2.85,311.67
PDD,2021-11-26,0.28,2.18,685.25
PDD,2022-03-21,2.47,5.88,137.97
PDD,2022-05-27,1.83,2.95,61.34
PDD,2022-08-29,2.84,7.54,165.82
PDD,2022-11-28,5.18,8.62,66.37
PDD,2023-03-20,8.62,8.34,-3.27
PDD,2023-05-26,4.44,6.92,55.85
PDD,2023-08-29,7.36,10.47,42.33
PDD,2023-11-28,8.39,11.61,38.35
PDD,2024-03-20,11.89,17.32,45.64
PDD,2024-05-22,10.38,20.72,99.59
PDD,2024-08-26,20.02,23.24,16.08
PDD,2024-11-21,19.67,18.59,-5.47
PDD,2025-03-20,16.89,18.53,9.71
PDD,2025-05-27,18.96,11.41,-39.82
PDD,2025-08-25,14.8,22.07,49.13
PDD,2025-11-18,16.57,21.08,27.22
PDD,2026-03-25,21.02,17.69,-15.84
PLTR,2020-11-12,0.03,0.06,145.25
PLTR,2021-02-16,0.02,0.06,128.04
PLTR,2021-05-11,0.04,0.04,7.87
PLTR,2021-08-12,0.03,0.04,16.01
PLTR,2021-11-09,0.04,0.04,10.16
PLTR,2022-02-17,0.04,0.02,-44.09
PLTR,2022-05-09,0.04,0.02,-45.37
PLTR,2022-08-08,0.03,-0.01,-131.7
PLTR,2022-11-07,0.02,0.01,-38.61
PLTR,2023-02-13,0.03,0.04,49.48
PLTR,2023-05-08,0.04,0.05,25.03
PLTR,2023-08-07,0.05,0.05,-0.79
PLTR,2023-11-02,0.06,0.07,25.07
PLTR,2024-02-05,0.08,0.08,5.39
PLTR,2024-05-06,0.08,0.08,4.1
PLTR,2024-08-05,0.08,0.09,10.55
PLTR,2024-11-04,0.09,0.1,10.06
PLTR,2025-02-03,0.11,0.14,23.72
PLTR,2025-05-05,0.13,0.13,1.11
PLTR,2025-08-04,0.14,0.16,15.57
PLTR,2025-11-03,0.17,0.21,25.46
PLTR,2026-02-02,0.18,0.24,32.03
QCOM,2016-01-27,0.91,0.97,7.09
QCOM,2016-04-20,0.96,1.04,7.79
QCOM,2016-07-20,0.97,1.16,19.09
QCOM,2016-11-02,1.11,1.28,15.21
QCOM,2017-01-25,1.18,1.19,0.58
QCOM,2017-04-19,1.2,1.34,12.01
QCOM,2017-07-19,0.81,0.83,2.94
QCOM,2017-11-01,0.81,0.92,13.27
QCOM,2018-01-31,0.91,0.98,7.45
QCOM,2018-04-25,0.7,0.8,14.87
QCOM,2018-07-25,0.71,0.75,5.92
QCOM,2018-11-07,0.83,0.9,8.64
QCOM,2019-01-30,1.09,1.2,10.45
QCOM,2019-05-01,0.71,0.77,8.68
QCOM,2019-07-31,0.77,0.8,4.44
QCOM,2019-11-06,0.71,0.78,9.46
QCOM,2020-02-05,0.85,0.99,16.15
QCOM,2020-04-29,0.8,0.88,9.65
QCOM,2020-07-29,0.71,0.86,20.56
QCOM,2020-11-04,1.18,1.45,22.83
QCOM,2021-02-03,2.1,2.17,3.27
QCOM,2021-04-28,1.67,1.9,14.09
QCOM,2021-07-28,1.68,1.92,14.11
QCOM,2021-11-03,2.26,2.55,12.82
QCOM,2022-02-02,3.0,3.23,7.59
QCOM,2022-04-27,2.92,3.21,10.08
QCOM,2022-07-27,2.87,2.96,3.13
QCOM,2022-11-02,3.13,3.13,-0.13
QCOM,2023-02-02,2.35,2.37,0.72
QCOM,2023-05-03,2.16,2.15,-0.24
QCOM,2023-08-02,1.81,1.87,3.35
QCOM,2023-11-01,1.91,2.02,5.93
QCOM,2024-01-31,2.37,2.75,16.1
QCOM,2024-05-01,2.32,2.44,5.31
QCOM,2024-07-31,2.26,2.33,3.32
QCOM,2024-11-06,2.57,2.69,4.74
QCOM,2025-02-05,2.99,3.41,14.2
QCOM,2025-04-30,2.82,2.85,1.19
QCOM,2025-07-30,2.71,2.77,2.05
QCOM,2025-11-05,2.88,3.0,4.32
QCOM,2026-02-04,3.4,3.5,2.87
QCOM,2026-04-29,2.56,2.65,3.58
TSLA,2016-02-10,0.01,-0.06,-670.3
TSLA,2016-05-04,-0.04,-0.04,15.2
TSLA,2016-08-03,-0.04,-0.07,-70.21
TSLA,2016-10-26,,0.05,3034.44
TSLA,2017-02-22,-0.03,-0.05,-40.63
TSLA,2017-05-03,-0.05,-0.09,-65.92
TSLA,2017-08-02,-0.13,-0.09,30.67
TSLA,2017-11-01,-0.15,-0.19,-27.52
TSLA,2018-02-07,-0.21,-0.2,3.44
TSLA,2018-05-02,-0.24,-0.22,4.98
TSLA,2018-08-01,-0.19,-0.2,-8.53
TSLA,2018-10-24,,0.19,12033.95
TSLA,2019-01-30,0.14,0.13,-6.46
TSLA,2019-04-24,-0.06,-0.19,-209.63
TSLA,2019-07-24,-0.03,-0.07,-182.31
TSLA,2019-10-23,-0.02,0.12,903.11
TSLA,2020-01-29,0.12,0.14,17.76
TSLA,2020-04-29,-0.01,0.08,650.29
TSLA,2020-07-22,-0.01,0.15,1460.77
TSLA,2020-10-21,0.2,0.25,25.78
TSLA,2021-01-27,0.35,0.27,-23.91
TSLA,2021-04-26,0.26,0.31,19.42
TSLA,2021-07-26,0.32,0.48,49.86
TSLA,2021-10-20,0.54,0.62,15.22
TSLA,2022-01-26,0.79,0.85,6.88
TSLA,2022-04-20,0.75,1.07,42.31
TSLA,2022-07-20,0.6,0.76,26.89
TSLA,2022-10-19,1.0,1.05,5.23
TSLA,2023-01-25,1.11,1.19,7.2
TSLA,2023-04-19,0.85,0.85,-0.43
TSLA,2023-07-19,0.82,0.91,11.12
TSLA,2023-10-18,0.73,0.66,-9.81
TSLA,2024-01-24,0.74,0.71,-4.1
TSLA,2024-04-23,0.49,0.45,-8.14
TSLA,2024-07-24,0.62,0.52,-16.15
TSLA,2024-10-23,0.6,0.72,20.49
TSLA,2025-01-29,0.77,0.73,-4.83
TSLA,2025-04-22,0.41,0.27,-34.89
TSLA,2025-07-23,0.4,0.4,-0.97
TSLA,2025-10-22,0.56,0.5,-10.53
TSLA,2026-01-28,0.45,0.5,10.96
TSLA,2026-04-22,0.35,0.41,17.15
ZM,2019-06-06,0.01,0.03,390.2
ZM,2019-09-05,0.01,0.08,454.02
ZM,2019-12-05,0.03,0.09,189.3
ZM,2020-03-04,0.07,0.15,111.27
ZM,2020-06-02,0.1,0.2,102.96
ZM,2020-08-31,0.45,0.92,102.73
ZM,2020-11-30,0.76,0.99,30.19
ZM,2021-03-01,0.79,1.22,54.4
ZM,2021-06-01,0.98,1.32,34.56
ZM,2021-08-30,1.16,1.36,17.28
ZM,2021-11-22,1.09,1.11,1.4
ZM,2022-02-28,1.07,1.29,20.75
ZM,2022-05-23,0.87,1.03,17.93
ZM,2022-08-22,0.93,1.05,12.65
ZM,2022-11-21,0.84,1.07,27.21
ZM,2023-02-27,0.82,1.22,49.48
ZM,2023-05-22,0.99,1.16,16.68
ZM,2023-08-21,1.06,1.34,26.52
ZM,2023-11-20,1.08,1.29,19.5
ZM,2024-02-26,1.15,1.42,23.01
ZM,2024-05-20,1.19,1.35,13.5
ZM,2024-08-21,1.22,1.39,14.22
ZM,2024-11-25,1.31,1.38,5.51
ZM,2025-02-24,1.31,1.41,7.91
ZM,2025-05-21,1.31,1.43,9.54
ZM,2025-08-21,1.38,1.53,11.03
ZM,2025-11-24,0.81,2.01,148.23
ZM,2026-02-25,0.85,2.22,162.21
