n_entry,m_exit,n_trades,cum_pnl,avg_pnl,win_rate,avg_ret,med_ret
1,1,487,-76784.47727584839,-157.66833116190634,41.68377823408625,-1.313980051200486,-17.633375269630932
1,2,489,-56789.478496551514,-116.13390285593357,41.513292433537835,-0.3697323041183702,-18.73639673968544
1,3,488,-79580.47910690308,-163.074752268244,40.98360655737705,-1.4767226138779592,-16.300421373674947
1,4,491,-95750.4847831726,-195.01117063782604,40.122199592668025,-2.612316843643189,-18.128307414504715
1,5,492,-85121.48478317265,-173.01114793327775,40.447154471544714,-2.663865757346829,-17.14726099824128
1,6,492,-88193.48478317261,-179.25505037230204,40.447154471544714,-4.2485568403258265,-17.233307555019067
1,7,491,-62230.48470687866,-126.74233137857162,40.73319755600815,-3.397544683287205,-18.796142912106703
1,8,492,-86666.4847831726,-176.15139183571665,41.05691056910569,-4.702636525305757,-18.187290208730445
1,9,492,-113022.48478317261,-229.72049752677358,41.260162601626014,-4.758666154512467,-18.684167640839338
1,10,492,-116379.48478317261,-236.54366825848092,39.83739837398374,-5.8613206619002085,-16.874244008649487
1,11,492,-122553.48478317262,-249.0924487462858,38.21138211382114,-5.5956818256169285,-18.316539396673125
1,12,492,-94000.48478317261,-191.05789590075733,40.243902439024396,-4.365957202448359,-14.381121072496462
1,13,492,-121293.48478317262,-246.5314731365297,39.43089430894309,-4.407491589255701,-13.062667376187028
1,14,492,-132606.4847831726,-269.5253755755541,39.43089430894309,-5.489064282394745,-14.907801707808286
1,15,492,-123809.4847831726,-251.64529427474105,38.00813008130081,-5.684942825393026,-18.690352524473333
2,1,487,-64298.47727584839,-132.02972746580778,42.09445585215606,-0.8547865956941602,-19.473990689594117
2,2,489,-44072.478496551514,-90.12776788660841,41.104294478527606,0.09005627084913002,-16.812052102913547
2,3,488,-67240.47910690308,-137.78786702234237,40.98360655737705,-1.1087912145082186,-16.7379907618232
2,4,491,-79564.48478317261,-162.04579385574868,39.5112016293279,-2.212038668542631,-18.77977282121364
2,5,492,-69510.48478317261,-141.28147313652968,41.260162601626014,-2.3471625997899728,-16.889850688448377
2,6,492,-72582.48478317261,-147.52537557555408,40.853658536585364,-3.873707067182936,-16.367894269650854
2,7,491,-46639.48470687866,-94.98876722378546,40.32586558044807,-2.9205446064766685,-17.653617645775142
2,8,492,-71055.48478317261,-144.42171703896872,41.86991869918699,-4.354985412109399,-17.319805221690963
2,9,492,-97411.48478317261,-197.99082273002563,41.66666666666667,-4.391361226031407,-16.820344405727717
2,10,492,-100768.48478317261,-204.81399346173293,40.040650406504064,-5.607313639825159,-15.468395939516096
2,11,492,-106942.48478317261,-217.36277394953783,39.22764227642276,-5.298692250710141,-18.541321562604814
2,12,492,-78389.48478317261,-159.32822110400937,41.260162601626014,-4.150075165175831,-14.697641430113048
2,13,492,-105682.48478317261,-214.80179833978173,40.65040650406504,-4.236223973029903,-13.530225028288001
2,14,492,-116995.48478317258,-237.79570077880607,40.243902439024396,-5.247069783345816,-16.073939101007774
2,15,492,-108198.48478317261,-219.91561947799312,38.82113821138211,-5.50522931055797,-18.095474783510937
3,1,487,-57961.47727584839,-119.01740713726568,43.53182751540041,-0.13175653554381325,-17.889042289889577
3,2,489,-37745.478496551514,-77.18911757985994,41.513292433537835,0.5620080858671289,-15.916833426866722
3,3,488,-60826.479106903076,-124.64442439939155,41.80327868852459,-0.5134647067137276,-16.008293246234985
3,4,492,-76164.48461532593,-154.80586303928035,40.447154471544714,-1.9865806869324463,-17.565105234218066
3,5,493,-66320.48461532596,-134.5243095645557,41.37931034482759,-2.126143484950021,-15.037553830254346
3,6,493,-69392.48461532593,-140.75554688707084,41.58215010141988,-3.6359273764087154,-15.768231086011234
3,7,492,-43441.48453903198,-88.29570028258533,40.243902439024396,-2.7260120141890494,-16.298157768756766
3,8,493,-67880.48461532591,-137.68860976739535,41.37931034482759,-4.2061928990668305,-15.948236399683461
3,9,493,-94275.48461532591,-191.22816351993086,41.17647058823529,-4.195894435210145,-17.21312726130251
3,10,493,-97622.48461532593,-198.01721017307491,41.17647058823529,-5.454998520035412,-17.180549520753008
3,11,493,-103846.48461532593,-210.64195662337917,40.97363083164301,-5.232169401119153,-17.586192865481333
3,12,493,-75318.48461532593,-152.7758308627301,42.393509127789045,-4.04931625331494,-14.422744682346329
3,13,493,-102601.48461532593,-208.11660165380513,40.77079107505071,-4.095676123192157,-12.82962464640504
3,14,493,-113888.48461532593,-231.01112498037713,40.97363083164301,-5.0672245071181345,-14.618669930150938
3,15,493,-105111.48461532591,-213.20787954427163,39.350912778904664,-5.411504784294361,-18.73853084448916
4,1,487,-46422.47727584839,-95.3233619627277,43.737166324435314,0.00907973536443707,-17.336418263447857
4,2,489,-26204.478496551514,-53.58789058599491,42.12678936605317,0.7372135727155034,-15.748015476336958
4,3,488,-49165.479106903105,-100.74893259611292,42.21311475409836,-0.26836322107766225,-14.093396197299615
4,4,492,-65504.48461532596,-133.13919637261372,40.447154471544714,-1.7289016698974158,-16.019765630897755
4,5,493,-55865.484615326,-113.31741301283165,41.98782961460446,-1.900116303522131,-14.642037970915128
4,6,493,-58937.48461532593,-119.54865033534671,40.77079107505071,-3.3644150848712138,-15.555580467864246
4,7,492,-32978.48453903198,-67.0294401199837,40.447154471544714,-2.4365149750831754,-16.295798808754398
4,8,493,-57425.48461532594,-116.48171321567128,41.98782961460446,-3.926793780440522,-16.10738767073458
4,9,493,-83820.48461532593,-170.02126696820676,41.98782961460446,-3.9409236028889234,-17.18295929161877
4,10,493,-87167.48461532593,-176.81031362135076,41.37931034482759,-5.182076822906489,-15.228198672725915
4,11,493,-93391.48461532594,-189.43506007165504,41.37931034482759,-4.908637897740385,-18.892498202743273
4,12,493,-64863.48461532594,-131.56893431100596,42.799188640973625,-3.7223228656084366,-12.430900522819352
4,13,493,-92146.48461532599,-186.90970510208112,41.784989858012175,-3.8484822319455714,-14.16848761474082
4,14,493,-103433.4846153259,-209.80422842865295,40.97363083164301,-4.801019438302283,-15.644068126097796
4,15,493,-94656.48461532593,-192.00098299254753,39.148073022312374,-5.141295414680119,-18.794118356368266
5,1,482,-40537.47698593137,-84.10264934840532,43.77593360995851,1.0154216055044,-15.635337120466096
5,2,484,-20210.47820663452,-41.757186377344055,42.14876033057851,1.7654529964936254,-14.418618277084027
5,3,483,-43702.478816986084,-90.48132260245566,42.857142857142854,0.6815252092147905,-13.621234576963506
5,4,487,-59455.484325408936,-122.08518341973087,41.478439425051334,-0.6568506783977112,-16.346139174241287
5,5,488,-50320.48432540895,-103.11574656846096,42.82786885245902,-0.9597803940288356,-14.007897261361581
5,6,488,-53569.484325408936,-109.77353345370683,42.21311475409836,-2.4189966881493974,-14.900887162361734
5,7,487,-28268.48424911496,-58.046168889353105,41.067761806981515,-1.607961960440008,-15.66266898649286
5,8,488,-53096.484325408936,-108.80427115862487,42.21311475409836,-3.1421275213880024,-15.048860660236604
5,9,488,-79623.48432540895,-163.16287771600196,42.00819672131148,-3.1943855392975857,-16.763204882881027
5,10,488,-83043.48432540888,-170.17107443731328,42.00819672131148,-4.440882924709906,-15.75292802252029
5,11,488,-89113.48432540892,-182.6095990274773,41.18852459016394,-4.17762161665563,-18.391061219868085
5,12,488,-60823.48432540891,-124.63828755206742,43.23770491803279,-2.98019602976964,-13.508889462137821
5,13,488,-88065.48432540894,-180.46205804387077,42.62295081967213,-3.1299565514027714,-11.247524095945323
5,14,488,-99182.48432540888,-203.2427957487887,40.77868852459016,-4.066344636871829,-14.698150463318559
5,15,488,-90321.48432540894,-185.0850088635429,39.75409836065574,-4.335425938444039,-18.75027856163215
6,1,479,-31957.48394393921,-66.71708547795242,43.21503131524008,2.0167568518495713,-15.583177154208789
6,2,480,-27684.48394393921,-57.67600821654002,43.125,2.4254920702014497,-14.907579879889468
6,3,479,-48537.48455429077,-101.33086545780954,43.42379958246347,1.2167493892992858,-12.890609105428046
6,4,483,-65557.49006271362,-135.7297930905044,41.61490683229814,-0.0729130802764692,-15.336879432624114
6,5,484,-54726.49006271365,-113.07126046015217,43.388429752066116,-0.16890719805318935,-14.708888505123774
6,6,484,-57762.49006271362,-119.34398773287938,42.97520661157025,-1.5157213900866535,-14.326375309481618
6,7,483,-32332.489986419678,-66.94097305676952,41.821946169772254,-0.6818084260706483,-14.494530186868182
6,8,484,-51384.49006271362,-106.16630178246616,42.14876033057851,-2.0629587659399165,-13.66151763145405
6,9,484,-72673.49006271364,-150.15183897254883,42.768595041322314,-2.042146335231287,-16.750261518266893
6,10,484,-73264.4900627136,-151.37291335271405,43.388429752066116,-3.163686236834446,-14.871486318960946
6,11,484,-78087.49006271362,-161.33778938577194,40.909090909090914,-2.801613905748871,-16.482918082775868
6,12,484,-49822.49006271362,-102.93902905519343,43.595041322314046,-1.6000382182232127,-12.935541205370065
6,13,484,-76482.49006271362,-158.02167368329262,42.768595041322314,-1.7877088056512833,-12.340396867600603
6,14,484,-81942.49006271364,-169.30266541882983,41.52892561983471,-2.557873006471303,-11.710336733165768
6,15,484,-72753.49006271362,-150.31712822874715,41.11570247933884,-2.8991070936533485,-17.79758913780516
7,1,470,-16683.48603439331,-35.49677879658151,43.61702127659575,3.295784816431315,-14.231775081770246
7,2,471,-13175.48603439331,-27.973431070898748,43.31210191082803,3.663966597587954,-13.216045599645668
7,3,470,-32399.486644744902,-68.93507796754234,43.61702127659575,2.6251520660391545,-12.639564047594636
7,4,474,-49270.492153167725,-103.9461859771471,41.983122362869196,1.4456970930173865,-15.10997476758319
7,5,475,-37036.492153167754,-77.9715624277216,44.0,1.469604091089527,-11.834328555496489
7,6,475,-39784.49215316771,-83.75682558561623,42.73684210526316,0.16661797808935694,-14.152041429664655
7,7,474,-14260.492076873765,-30.08542632251849,42.19409282700422,1.0600396337768638,-14.831554510185686
7,8,475,-33404.492153167725,-70.32524663824785,42.31578947368421,-0.38470207908159626,-14.476580715391862
7,9,475,-54343.492153167725,-114.40735190140573,42.73684210526316,-0.3593621281746896,-15.055140327004827
7,10,475,-55000.492153167725,-115.79050979614257,42.73684210526316,-1.6321389585466166,-14.201165374214128
7,11,475,-57919.492153167725,-121.93577295403732,41.26315789473684,-1.206583644837048,-14.558783138499539
7,12,475,-28555.492153167725,-60.11682558561626,43.57894736842105,0.1277900442753211,-11.662992828436828
7,13,475,-54524.492153167754,-114.78840453298474,44.0,-0.03398165541525247,-10.471280881871749
7,14,475,-59239.492153167725,-124.71472032245836,42.526315789473685,-0.8141651621077194,-12.142818995884488
7,15,475,-50777.492153167725,-106.8999834803531,42.10526315789473,-1.3873737891330498,-17.57477921900955
8,1,469,15905.514270782485,33.91367648354475,44.349680170575695,5.203147826535107,-13.375835054239621
8,2,470,19377.51427078247,41.22875376762228,44.04255319148936,5.453987125836948,-12.34595756973767
8,3,469,-233.48633956910635,-0.49783867711962976,44.349680170575695,4.315582664695427,-10.461519681490385
8,4,473,-17483.491847991914,-36.962984879475506,42.071881606765324,3.1243389675915734,-13.496568291183566
8,5,474,-5028.491847991943,-10.608632590700303,44.51476793248945,3.2010014774281776,-13.689197872986192
8,6,474,-7916.491847991943,-16.70145959491971,43.67088607594937,1.9083927865867325,-11.730427706670941
8,7,473,17414.508228302046,36.8171421317168,43.34038054968288,2.796199613242014,-13.304029311882545
8,8,474,-1605.4918479919434,-3.3871136033585305,43.88185654008439,1.276257774011253,-11.666152344445232
8,9,474,-22580.491847991958,-47.638168455679235,43.88185654008439,1.2603486237668722,-11.946096490466772
8,10,474,-23786.491847991943,-50.18247225314756,43.459915611814345,-0.09830409482991073,-12.461020031164495
8,11,474,-26592.491847991943,-56.10230347677625,42.405063291139236,0.33760973294396246,-14.639844123927277
8,12,474,2764.5081520080566,5.832295679341891,44.303797468354425,1.702086433918204,-8.568761553396067
8,13,474,-23233.491847991958,-49.01580558648092,44.09282700421941,1.4507734463992954,-10.544737752220147
8,14,474,-27860.491847991885,-58.777408962008195,43.67088607594937,0.716431823975629,-12.11462951315527
8,15,474,-19479.491847991943,-41.0959743628522,42.405063291139236,0.19470429049706503,-16.11974953746593
9,1,467,14036.513446807861,30.056773976033963,44.3254817987152,6.100694954168278,-13.101587958514413
9,2,468,17133.513446807847,36.610071467538134,44.65811965811966,6.403760599162258,-12.222918880859265
9,3,467,846.5128364562697,1.8126613200348387,44.53961456102783,5.536857387323562,-10.023829931291033
9,4,471,-16202.492671966553,-34.40019675576763,42.88747346072187,4.229557773170751,-12.999984741210938
9,5,472,-4087.492671966582,-8.659942101624114,44.91525423728814,4.179454127651881,-11.961960679516366
9,6,472,-4712.492671966567,-9.984094643996965,44.91525423728814,2.837241837745264,-12.837289380582142
9,7,471,19152.507404327393,40.66349767373119,43.31210191082803,3.6071845343533164,-12.50001907348633
9,8,472,-209.49267196655273,-0.44384040670879815,44.06779661016949,2.0320777187111463,-10.24839051622228
9,9,472,-21742.492671966553,-46.0646031185732,43.43220338983051,1.8882860999176567,-11.353810343310514
9,10,472,-22632.492671966553,-47.950196338912185,43.85593220338983,0.6139507986499283,-12.562576060581371
9,11,472,-25064.492671966553,-53.10273871179354,43.00847457627119,1.2085086919333246,-15.460149977645763
9,12,472,5137.507328033447,10.884549423799676,43.64406779661017,2.6873448876352803,-8.30337251502921
9,13,472,-19303.492671966582,-40.897230237217336,44.91525423728814,2.490590025826027,-9.656117625595364
9,14,472,-24129.492671966524,-51.12180650840365,43.43220338983051,1.712808667442209,-10.843790414058972
9,15,472,-15103.492671966553,-31.99892515247151,41.94915254237288,1.143498727432782,-15.122212292676299
10,1,461,31157.5131568909,67.58679643577202,45.33622559652928,7.758975152066914,-12.025339633603615
10,2,462,34923.51315689087,75.59201982011011,44.58874458874459,8.323622958660504,-12.465783015080927
10,3,461,18507.512546539307,40.14644804021542,44.90238611713666,7.422521685499529,-9.594578098606418
10,4,465,671.5070381164842,1.4441011572397509,43.655913978494624,6.123489168020948,-13.496568291183566
10,5,466,12934.507038116426,27.756452871494478,45.06437768240343,6.043446440545081,-11.948391253433009
10,6,466,11932.507038116455,25.60623827921986,45.27896995708154,4.67242819270621,-12.103375267168147
10,7,465,35402.50711441043,76.13442390195792,42.795698924731184,5.4714059035020925,-11.341495048709016
10,8,466,16377.507038116484,35.144864888661985,44.4206008583691,3.775609220214149,-10.160249520393856
10,9,466,-4639.492961883545,-9.955993480436792,43.34763948497854,3.816182440539762,-9.990765033545127
10,10,466,-4448.492961883545,-9.5461222358016,44.20600858369099,2.51948432335719,-11.753638782086067
10,11,466,-5970.492961883545,-12.812216656402457,43.56223175965665,3.2440155255221987,-13.951387628549869
10,12,466,25175.507038116455,54.02469321484218,45.27896995708154,4.861705125846212,-8.278121011167883
10,13,466,1093.507038116455,2.346581626859346,45.70815450643777,4.718513220097813,-7.382990670969745
10,14,466,-2567.492961883516,-5.509641549106257,45.493562231759654,4.046759192757573,-8.91887258332185
10,15,466,4496.50703811647,9.649156734155515,42.70386266094421,3.186206676495926,-14.135721831845993
11,1,457,60512.521350860625,132.4125193673099,45.51422319474836,10.246563044178552,-10.228060744096105
11,2,458,61272.52135086061,133.78279770930266,46.288209606986904,10.855694943715777,-9.389521497822372
11,3,457,38257.52074050903,83.71448739717513,44.63894967177243,9.825324344425287,-7.679803056119529
11,4,461,21512.51523208624,46.66489204357102,44.46854663774403,8.719464837255568,-11.316567642682084
11,5,462,29779.515232086167,64.45782517767569,45.45454545454545,8.616019309125463,-9.174103518932586
11,6,462,35886.515232086196,77.67643989629047,44.37229437229438,7.24274412669133,-9.48442533247797
11,7,461,57883.51530838014,125.56077073401332,44.46854663774403,8.236008723657285,-10.815393014015548
11,8,462,44086.51523208621,95.42535764520825,45.887445887445885,6.491137530891984,-7.751889301541065
11,9,462,24453.51523208621,52.92968664953725,45.02164502164502,6.505261318369303,-8.747904989169008
11,10,462,25282.51523208621,54.72405894390955,44.58874458874459,5.118752743242487,-10.316758250876482
11,11,462,27036.51523208621,58.520595740446346,44.58874458874459,5.934227878352897,-9.594720341997759
11,12,462,57420.51523208621,124.2868295066801,46.96969696969697,7.600917096991886,-5.062271784995874
11,13,462,35482.51523208617,76.80198102183154,47.4025974025974,7.389615815629547,-6.153232500484405
11,14,462,30122.515232086225,65.20024942010005,46.53679653679654,6.649312497744464,-8.255788126372687
11,15,462,34843.51523208618,75.41886413871468,44.37229437229438,5.727249577429693,-11.634196305306371
12,1,450,113630.52058792116,252.51226797315812,46.0,11.227109385848106,-10.431094394327937
12,2,451,113613.52058792113,251.914679795834,46.11973392461197,11.727417892754003,-9.316471920737717
12,3,450,98789.51997756958,219.5322666168213,45.77777777777778,10.674321910502993,-8.832374171832399
12,4,454,80703.51446914673,177.76104508622626,43.83259911894273,9.300795324772688,-9.7036202934084
12,5,455,88528.51446914671,194.5681636684543,44.61538461538462,8.871006207218379,-8.328488705095308
12,6,455,93630.51446914673,205.78135048164117,45.27472527472528,7.537466055128287,-9.539176132272447
12,7,454,115276.51454544067,253.91302763312925,44.713656387665196,8.572271723157899,-10.193113170702663
12,8,455,95605.51446914674,210.12200982230053,45.27472527472528,6.739036799933012,-7.321984242584772
12,9,455,79839.51446914674,175.47146037175108,45.934065934065934,6.687155455187947,-8.608285176385333
12,10,455,77329.51446914674,169.95497685526757,45.05494505494506,5.228304714003812,-11.022162543402777
12,11,455,76951.51446914673,169.1242076244983,45.05494505494506,6.088785299061365,-10.711814751059348
12,12,455,98393.51446914673,216.24948234977302,46.15384615384615,7.829532047113573,-4.8607780359968356
12,13,455,81135.51446914673,178.3198120201027,46.81318681318681,7.69708745358982,-5.234134558475379
12,14,455,72913.51446914676,160.2494823497731,46.15384615384615,6.954111312237159,-8.959995117187534
12,15,455,75498.51446914673,165.9308010310917,44.175824175824175,5.899492307285901,-9.92406917523732
13,1,450,125330.52058792114,278.5122679731581,46.88888888888889,13.27540637400751,-8.072568773483377
13,2,451,125317.52058792114,277.86589930802916,45.8980044345898,13.788508721869142,-6.999282666488256
13,3,450,110429.51997756955,245.39893328348788,46.88888888888889,12.856800965776754,-6.436783770276557
13,4,454,92985.51446914671,204.81390852234958,45.37444933920705,11.810560062614545,-7.440059617248892
13,5,455,100770.5144691467,221.4736581739488,45.714285714285715,11.373833919247028,-7.283037293632093
13,6,455,105872.51446914671,232.68684498713563,45.494505494505496,9.88411852788857,-10.096148955516327
13,7,454,127526.51454544067,280.89540648775477,44.49339207048458,10.85887127869377,-9.635273141228591
13,8,455,107847.51446914673,237.02750432779501,45.934065934065934,8.958096956546353,-7.999997127757363
13,9,455,92081.51446914673,202.37695487724557,46.37362637362637,8.729436633058969,-7.7866861979166435
13,10,455,89571.51446914673,196.86047136076203,45.05494505494506,7.362350577841439,-7.969924812030057
13,11,455,89193.51446914673,196.0297021299928,44.395604395604394,8.210020888670046,-9.080816937990866
13,12,455,110635.51446914671,243.1549768552675,47.69230769230769,10.164893051200496,-2.856267781504539
13,13,455,93377.51446914671,205.22530652559718,47.03296703296703,9.945890459993715,-4.705900304457742
13,14,455,85155.51446914676,187.1549768552676,46.59340659340659,9.368020164786895,-6.241536237491505
13,15,455,87740.5144691467,192.83629553658616,44.175824175824175,8.23138384827052,-9.44875882366511
14,1,447,153388.51964187622,343.15105065296694,46.308724832214764,17.49737317585635,-6.95649520210596
14,2,448,152963.51964187622,341.43642777204514,46.875,18.01545021971295,-5.623081646824637
14,3,447,138461.51903152463,309.75731326963006,47.20357941834452,17.18595181919887,-7.432473672402836
14,4,451,122355.5135231018,271.2982561487845,45.67627494456763,16.485971442563738,-8.618682897358303
14,5,452,129628.51352310178,286.7887467325261,46.017699115044245,16.07779520380295,-5.43285224851498
14,6,452,134846.5135231018,298.33299452013677,45.35398230088495,14.560487799829666,-8.507862107147275
14,7,451,155961.51359939575,345.8126687348021,45.45454545454545,15.448976347856481,-7.349073354966413
14,8,452,136120.5135231018,301.1515785909332,46.68141592920354,13.357252195765291,-6.169397175900324
14,9,452,120277.5135231018,266.10069363518096,46.902654867256636,12.420114039774253,-6.487022384356424
14,10,452,117675.51352310182,260.3440564670394,45.79646017699115,11.20870221257748,-7.488122489773257
14,11,452,117181.5135231018,259.2511361130571,45.57522123893805,12.272689343680664,-5.950903471194872
14,12,452,138138.5135231018,305.6161803608447,47.34513274336283,14.326247680513793,-5.038142894652983
14,13,452,120400.5135231018,266.3728175289863,47.78761061946903,13.985793677015605,-3.5386054488779344
14,14,452,111757.51352310184,247.25113611305716,47.56637168141593,13.654928606651442,-4.459593218269712
14,15,452,114623.5135231018,253.59184407765886,45.57522123893805,12.370582216174293,-7.561540664678845
15,1,443,103863.52443313596,234.45490842694346,48.081264108352144,16.583563612157764,-6.031227111816433
15,2,444,96852.52443313596,218.13631629084676,46.846846846846844,17.061531567615027,-4.621827660802205
15,3,443,96105.5238227844,216.9424916992876,47.17832957110609,16.445815651527848,-6.164425366545377
15,4,447,82805.51831436157,185.24724455114446,46.5324384787472,15.40438503050637,-7.280019531250001
15,5,448,82405.51831436153,183.94088909455698,46.875,14.80502574812769,-5.553127731320804
15,6,448,89774.51831436156,200.38954980884276,45.982142857142854,13.48577146077867,-8.210746202722309
15,7,447,112689.51839065552,252.10183085157834,47.20357941834452,14.409186239632524,-6.132084108748526
15,8,448,86936.51831436156,194.05472838027134,47.098214285714285,12.383809406998784,-5.860843294424392
15,9,448,86525.51831436154,193.1373176659856,47.098214285714285,11.931217674544902,-4.921368836949691
15,10,448,85316.51831436157,190.43865695169993,47.098214285714285,10.527737828695475,-4.597787722390474
15,11,448,81287.51831436157,181.44535338027137,46.205357142857146,11.388059772622045,-6.0637633051916175
15,12,448,106903.51831436156,238.62392480884276,49.107142857142854,13.603295335452996,-0.601361734181775
15,13,448,104862.51831436154,234.06812123741415,49.330357142857146,13.768543671150255,-0.8748213013269233
15,14,448,103378.51831436159,230.75562123741426,47.99107142857143,13.532139927988451,-2.1114961872791254
15,15,448,109099.51831436156,243.52571052312848,46.42857142857143,12.478584512700788,-5.968361214810583
